study_id,name,pmid
all_stjude_2015,"Acute Lymphoblastic Leukemia (St Jude, Nat Genet 2015)",25730765
all_stjude_2013,"Hypodiploid Acute Lymphoid Leukemia (St Jude, Nat Genet 2013)",23334668
acyc_fmi_2014,"Adenoid Cystic Carcinoma (FMI, Am J Surg Pathl. 2014)",24418857
acyc_jhu_2016,"Adenoid Cystic Carcinoma (JHU, Cancer Prev Res 2016)",26862087
acyc_mda_2015,"Adenoid Cystic Carcinoma (MDA, Clin Cancer Res 2015)",26631609
acyc_mgh_2016,"Adenoid Cystic Carcinoma (MGH, Nat Gen 2016)",26829750
acyc_sanger_2013,"Adenoid Cystic Carcinoma (Sanger/MDA, JCI 2013)",23778141
all_stjude_2016,"Acute Lymphoblastic Leukemia (St Jude, Nat Genet 2016)",27776115
appendiceal_msk_2022,"Appendiceal Cancer (MSK, J Clin Oncol 2022)",36493333
blca_plasmacytoid_mskcc_2016,"Bladder Cancer (MSK, Nat Genet 2016)",26901067
bcc_unige_2016,"Basal Cell Carcinoma (UNIGE, Nat Genet 2016)",26950094
brca_broad,"Breast Invasive Carcinoma (Broad, Nature 2012)",22722202
blca_mskcc_solit_2014,"Bladder Cancer (MSK, Eur Urol 2014)",25092538
blca_nmibc_2017,Nonmuscle Invasive Bladder Cancer (MSK Eur Urol 2017),28583311
bfn_duke_nus_2015,"Breast Fibroepithelial Tumors (Duke-NUS, Nat Genet 2015)",26437033
brca_jup_msk_2020,"Juvenile Papillomatosis and Breast Cancer (MSK,J Pathol. 2015)",33263939
brca_mapk_hp_msk_2021,"MAPK on resistance to anti-HER2 therapy for breast cancer (MSK, Nat Commun. 2022)",34795269
bowel_colitis_msk_2022,"Colorectal Adenocarcinoma (MSK, Nat Commun 2022)",36611031
bladder_columbia_msk_2018,"Bladder Cancer (Columbia University/MSK, Cell 2018)",29625057
bladder_msk_2023,"Bladder Cancer (MSK, Clin Cancer Res 2023)",37682528
bm_nsclc_mskcc_2023,"Non-Small Cell Lung Cancer Brain Metastasis (MSK, Nat Commun 2023)",37591896
breast_msk_2018,"Breast Cancer (MSK, Cancer Cell 2018)",30205045
brca_mskcc_2019,"Breast Cancer (MSK, NPJ Breast Cancer 2019)",31552290
breast_alpelisib_2020,"Breast Cancer (MSK, Nature Cancer 2020)",32864625
cfdna_msk_2019,"Mixed cfDNA (MSK, Nature Medicine 2019)",31768066
ccrcc_dfci_2019,"Clear Cell Renal Cell Carcinoma (DFCI, Science 2019)",29301960
breast_ink4_msk_2021,"Metastatic Breast Cancer (MSK, Cancer Discovery 2022)",34544752
brca_pareja_msk_2020,"Breast Cancer (MSK, Clinical Cancer Res 2020)",32220886
cervix_msk_2023,"Cervical Cancer (MSK, Clin Cancer Res 2023)",37643132
chol_jhu_2013,"Intrahepatic Cholangiocarcinoma (JHU, Nat Genet 2013)",24185509
chol_nccs_2013,"Cholangiocarcinoma (National Cancer Centre of Singapore, Nat Genet 2013)",24185513
chol_nus_2012,"Cholangiocarcinoma (National University of Singapore, Nat Genet 2012)",22561520
coadread_mskcc,"Colorectal Adenocarcinoma Triplets (MSK, Genome Biol 2014)",25164765
cllsll_icgc_2011,"Chronic lymphocytic leukemia (ICGC, Nature Genetics 2011)",22158541
coad_caseccc_2015,"Colon Adenocarcinoma (CaseCCC, PNAS 2015)",25583493
chol_msk_2018,"Cholangiocarcinoma (MSK, Clin Cancer Res 2018)",29848569
chol_icgc_2017,"Cholangiocarcinoma (ICGC, Cancer Discov 2017)",28667006
coadread_mskresistance_2022,"Colorectal Cancer (MSK, Cancer Discovery 2022)",36355783
cscc_dfarber_2015,"Cutaneous Squamous Cell Carcinoma (DFCI, Clin Cancer Res 2015)",25589618
ctcl_columbia_2015,"Cutaneous T Cell Lymphoma (Columbia U, Nat Genet 2015)",26551667
crc_msk_2017,"Metastatic Colorectal Cancer (MSK, Cancer Cell 2018)",29316426
crc_eo_2020,"Colorectal Cancer (MSK, JNCI 2021)",34405229
crc_apc_impact_2020,"Colorectal Cancer (MSK, Gastroenterology 2020)",32730818
crc_nigerian_2020,"Disparities in metastatic colorectal cancer between Africans and Americans (MSK, 2020)",34819518
crc_dd_2022,"Colorectal Cancer (MSK, JCO Precis Oncol 2022)",35235413
difg_msk_2023,"IDH-mutated Diffuse Glioma (MSK, Clin Cancer Res 2024)",37910594
escc_ucla_2014,"Esophageal Squamous Cell Carcinoma (UCLA, Nat Genet 2014)",24686850
esca_broad,"Esophageal Adenocarcinoma (DFCI, Nat Genet 2013)",23525077
gct_msk_2016,"Germ Cell Tumors (MSK, J Clin Oncol 2016)",27646943
egc_msk_2017,"Metastatic Esophagogastric Cancer (MSK, Cancer Discovery 2017)",29122777
hcc_mskimpact_2018,"Hepatocellular Carcinoma (MSK, Clin Cancer Res 2018)",30373752
hcc_msk_venturaa_2018,"Liver Hepatocellular Adenoma and Carcinomas (MSK, PLOS One 2018)",30052636
dlbcl_duke_2017,"Diffuse Large B-Cell Lymphoma (Duke, Cell 2017)",28985567
glioma_mskcc_2019,"Glioma (MSK, Clin Cancer Res 2019)",31263031
glioma_msk_2018,"Glioma (MSK, Nature 2019)",30675060
gbc_msk_2018,"Gallbladder Cancer (MSK, Cancer 2018)",30427539
gbm_columbia_2019,"Glioblastoma (Columbia, Nat Med. 2019)",30742119
gct_msk_2020,"Germ Cell Tumors and Shared Leukemias (MSK, J Clin Invest 2020)",32897884
egc_mskcc_2020,"Esophageal/Stomach Cancer (MSK, 2020)",33795256
egc_msk_tp53_ccr_2022,"Esophagogastric Cancer (MSK, Clin Cancer Res 2022)",35377946
gbc_mskcc_2022,"Gallbladder Cancer (MSK, 2022)",36228155
gist_msk_2022,"Gastrointestinal Stromal Tumor (MSK, NPJ Precis Oncol 2023)",36593350
egc_msk_2023,"Esophagogastric Cancer (MSK, J Natl Cancer Inst 2023)",37699004
hcc_jcopo_msk_2023,"Hepatocellular Carcinoma (MSK, JCO Precis Oncol 2023)",37769223
kirc_bgi,"Kidney Renal Clear Cell Carcinoma (BGI, Nat Genet 2012)",22138691
hnsc_jhu,"Head and Neck Squamous Cell Carcinoma (Johns Hopkins, Science 2011)",21798897
hnsc_tcga_pub,"Head and Neck Squamous Cell Carcinoma (TCGA, Nature 2015)",25631445
hnc_mskcc_2016,"Recurrent and Metastatic Head & Neck Cancer (MSK, JAMA Oncol 2016)",27442865
ihch_smmu_2014,"Intrahepatic Cholangiocarcinoma (Shanghai, Nat Commun 2014)",25526346
histiocytosis_cobi_msk_2019,"Histiocytosis Cobimetinib (MSK, Nature 2019)",30867592
ihch_mskcc_2020,"Intrahepatic Cholangiocarcinoma (MSK, Clin Cancer Res 2021)",33963001
ihch_ismms_2015,Intrahepatic Cholangiocarcinoma (Mount Sinai 2015),25608663
ihch_msk_2021,"Intrahepatic Cholangiocarcinoma (MSK, Hepatology 2021)",33765338
hgsoc_msk_2021,"High-Grade Serous Ovarian Cancer (MSK, NPJ Genome Med 2021)",34819508
lihc_riken,"Liver Hepatocellular Carcinoma (RIKEN, Nat Genet 2012)",22634756
liad_inserm_fr_2014,"Hepatocellular Adenoma (INSERM, Cancer Cell 2014)",24735922
lcll_broad_2013,"Chronic Lymphocytic Leukemia (Broad, Cell 2013)",23415222
lgsoc_mapk_msk_2022,"Low-Grade Serous Ovarian Cancer (MSK, Clin Cancer Res 2022)",35443055
luad_tsp,"Lung Adenocarcinoma (TSP, Nature 2008)",18948947
lung_msk_2017,"Non-Small Cell Cancer (MSK, Cancer Discov 2017)",28336552
lymphoma_cellline_msk_2020,"Lymphoma Cell Lines (MSK, Blood 2020)",33067607
lung_msk_mind_2020,"Lung Adenocarcinoma (MSK Mind,Nature Cancer 2022)",36038778
mbc_msk_2021,"Metaplastic Breast Cancer (MSK,NPJ Breast Cancer 2021)",33863915
lung_pdx_msk_2021,"Thoracic Cancer (MSK, Nat Commun 2021)",35440124
lung_nci_2022,"Lung Cancer in Never Smokers (NCI, Nature Genetics 2021)",34493867
mbl_broad_2012,"Medulloblastoma (Broad, Nature 2012)",22820256
mbl_icgc,"Medulloblastoma (ICGC, Nature 2012)",22832583
mbl_pcgp,"Medulloblastoma (PCGP, Nature 2012)",22722829
mcl_idibips_2013,"Mantle Cell Lymphoma (IDIBIPS, PNAS 2013)",24145436
mds_tokyo_2011,"Myelodysplasia (UTokyo, Nature 2011)",21909114
mbl_dkfz_2017,"Medulloblastoma (DKFZ, Nature 2017)",28726821
mpn_cimr_2013,"Myeloproliferative Neoplasms (CIMR, NEJM 2013)",24325359
mnm_washu_2016,"Acute myeloid leukemia or myelodysplastic syndromes (WashU, 2016)",27959731
metastatic_solid_tumors_mich_2017,"Metastatic Solid Cancers (UMich, Nature 2017)",28783718
mixed_selpercatinib_2020,"Mixed Tumors Selpercatinib RET Trial (MSK, Nat Commun. 2022)",35304457
mixed_cfdna_msk_2020,"Mixed cfDNA (MSK, Genome Med 2021)",34059130
mel_mskimpact_2020,"Melanoma (MSK, Clin Cancer Res 2021)",33509808
mixed_kunga_msk_2022,"Pediatric Pancan Tumors (MSK,Nat Commun. 2022)",35585047
nbl_amc_2012,"Neuroblastoma (AMC Amsterdam, Nature 2012)",22367537
msk_ch_2020,"Cancer Therapy and Clonal Hematopoiesis (MSK, Nat Genet 2020)",33106634
msk_access_2021,"MSK-IMPACT and MSK-ACCESS Mixed Cohort (MSK, Nat Commun 2021)",34145282
msk_ch_ped_2021,"Cancer Therapy and Clonal Hematopoiesis (MSK, Clin Cancer Res 2022)",35078859
msk_spectrum_tme_2022,"Ovarian Cancer - MSK SPECTRUM (MSK, Nature 2022)",36517593
mtnn_msk_2022,"Mature T and NK Neoplasms (MSK, Blood Adv 2023)",37078708
msk_ch_2023,"Cancer Therapy and Clonal Hematopoiesis (MSK, Blood Adv 2023)",38147626
npc_nusingapore,"Nasopharyngeal Carcinoma (Singapore, Nat Genet 2014)",24952746
odg_msk_2017,"Anaplastic Oligodendroglioma and Anaplastic Oligoastrocytoma (MSK, Neuro Oncol 2017)",28472509
nsclc_unito_2016,"Non-Small Cell Lung Cancer (University of Turin, Lung Cancer 2017)",27346245
nsclc_pd1_msk_2018,"Non-Small Cell Lung Cancer (MSK, J Clin Oncol 2018)",29337640
nsclc_mskcc_2015,"Non-Small Cell Lung Cancer (MSK, Science 2015)",25765070
nsclc_ctdx_msk_2022,"Metastatic Non-Small Cell Lung Cancer (MSK, Nature Medicine 2022)",36357680
panet_jhu_2011,"Pancreatic Neuroendocrine Tumors (Johns Hopkins University, Science 2011)",21252315
pcnsl_mayo_2015,"Primary Central Nervous System Lymphoma (Mayo Clinic, Clin Cancer Res 2015)",25991819
panet_shanghai_2013,"Insulinoma (Shanghai, Nat Commun 2013)",24326773
plmeso_nyu_2015,"Pleural Mesothelioma (NYU, Cancer Res 2015)",25488749
past_dkfz_heidelberg_2013,"Pilocytic Astrocytoma (ICGC, Nature Genetics 2013)",23817572
pediatric_dkfz_2017,"Pediatric Pan-Cancer (DKFZ, Nature 2017)",29489754
paired_bladder_2022,"Bladder Cancer (MSK, Cell Reports 2022)",36543146
prad_cpcg_2017,"Prostate Adenocarcinoma (CPC-GENE, Nature 2017)",28068672
prad_mskcc_2017,"Prostate Cancer (MSK, JCO Precis Oncol 2017)",28825054
prad_msk_2019,"Prostate Cancer (MSK, Cell Metab 2020)",31564440
prad_mcspc_mskcc_2020,"Metastatic castration-sensitive prostate cancer (MSK, Clin Cancer Res 2020)",32220891
scco_mskcc,"Small Cell Carcinoma of the Ovary (MSK, Nat Genet 2014)",24658004
rms_nih_2014,"Rhabdomyosarcoma (NIH, Cancer Discov 2014)",24436047
sarc_mskcc,"Sarcoma (MSKCC/Broad, Nat Genet 2010)",20601955
rectal_msk_2019,"Rectal Cancer (MSK,Nature Medicine 2019)",31591597
sarcoma_mskcc_2022,"Sarcoma (MSK, Nat Commun. 2022)",35705560
rbl_cfdna_msk_2020,"Retinoblastoma cfDNA (MSK, Cancer Med 2020)",32633890
rbl_mskcc_2020,"Retinoblastoma (MSK, Cancers 2021)",33466343
prostate_pcbm_swiss_2019,"Prostate Cancer Brain Metastases (Bern, Nat Commun. 2022)",35504881
rms_msk_2023,"Pediatric Rhabdomyosarcomas (MSK, JCO Precis Oncol 2023)",37315267
sarcoma_msk_2023,"Sarcoma (MSK, J Pathol 2023)",37350195
skcm_yale,"Skin Cutaneous Melanoma (Yale, Nat Genet 2012)",22842228
skcm_vanderbilt_mskcc_2015,"Metastatic Melanoma (MSK, JCO Precis Oncol 2017)",32913971
soft_tissue_msk_2023,"Rhabdomyosarcomas (MSK, NPJ Precis Oncol 2023)",37730754
thyroid_mskcc_2016,"Poorly-Differentiated and Anaplastic Thyroid Cancers (MSK, JCI 2016)",26878173
summit_2018,"SUMMIT - Neratinib Basket Study (Multi-Institute, Nature 2018)",29420467
ucec_msk_2018,"Endometrial Cancer (MSK, 2018)",30068706
uccc_nih_2017,"Uterine Clear Cell Carcinoma (NIH, Cancer 2017)",28485815
tmb_mskcc_2018,"TMB and Immunotherapy (MSK, Nat Genet 2019)",30643254
ucec_ccr_msk_2022,"Endometrial Carcinoma MSI (MSK, Clin Cancer Res 2022)",35849120
ucec_ccr_cfdna_msk_2022,"Endometrial Carcinoma cfDNA (MSK, Clin Cancer Res 2022)",36007103
ucec_ancestry_cds_msk_2023,"Endometrial Cancer (MSK, Cancer Discovery 2023)",37651310
ucec_msk_2024,"Endometrial and Ovarian Cancer (MSK, Nature Medicine 2024)",38653864
um_qimr_2016,"Uveal Melanoma (QIMR, Oncotarget 2016)",26683228
urcc_mskcc_2016,"Unclassified Renal Cell Carcinoma (MSK, Nature 2016)",27713405
utuc_mskcc_2015,"Upper Tract Urothelial Cancer (MSK, Eur Urol 2015)",26278805
utuc_msk_2019,"Upper Tract Urothelial Carcinoma (MSK, Nat Commun 2020)",32332851
utuc_pdx_msk_2019,"Upper Tract Urothelial Carcinoma PDX (MSK, Nat Commun 2020)",32332851
usarc_msk_2020,"Uterine Sarcoma/Mesenchymal (MSK, Clin Cancer Res 2020)",32299819
utuc_igbmc_2021,"Upper Tract Urothelial Carcinoma (IGBMC, Genome Biology 2021)",33397444
plmeso_msk_2024,"Pleural Mesothelioma (MSK, Clin Cancer Res 2024)",38630790
msk_impact_2017,"MSK-IMPACT Clinical Sequencing Cohort (MSK, Nat Med 2017)",28481359
pancreas_msk_2024,"Pancreatic Cancer (MSK, Cancer Cell 2024)",39214094
lms_msk_2024,"Leiomyosarcoma  (MSK, Clin Cancer Res 2024)",38488807
prostate_msk_2024,"Prostate Cancer (MSK, Clin Cancer Res 2024)",38949888
panet_msk_2018,"Metastatic Pancreatic Neuroendocrine Tumor (MSK, JCO Precis Oncol 2018)",30687805
ntrk_msk_2019,"Tumors with TRK fusions (MSK, Clin Cancer Res 2020)",31871300
makeanimpact_ccr_2023,"MSK Make-an-IMPACT Rare Cancers (MSK, Clin Cancer Res 2023)",36862133
ampca_bcm_2016,"Ampullary Carcinoma (Baylor College of Medicine, Cell Reports 2016)",26804919
blca_dfarber_mskcc_2014,"Bladder Urothelial Carcinoma (DFCI/MSK, Cancer Discov 2014)",25096233
blca_mskcc_solit_2012,"Bladder Cancer (MSK, J Clin Onco 2013)",23897969
brca_bccrc_xenograft_2014,"Breast Cancer Xenografts (British Columbia, Nature 2015)",25470049
blca_bgi,"Bladder Urothelial Carcinoma (BGI, Nat Genet 2013)",24121792
blca_tcga_pub,"Bladder Urothelial Carcinoma (TCGA, Nature 2014)",24476821
brca_bccrc,"Breast Invasive Carcinoma (British Columbia, Nature 2012)",22495314
brca_igr_2015,"Metastatic Breast Cancer (INSERM, PLoS Med 2016)",28027327
acbc_mskcc_2015,"Adenoid Cystic Carcinoma of the Breast (MSK, J Pathol. 2015)",26095796
acyc_mskcc_2013,"Adenoid Cystic Carcinoma (MSK, Nat Genet 2013)",23685749
angs_project_painter_2018,"The Angiosarcoma Project - Count Me In (Nature Medicine, 2020)",32042194
blca_tcga_pub_2017,"Bladder Cancer (TCGA, Cell 2017)",28988769
blca_tcga_pan_can_atlas_2018,"Bladder Urothelial Carcinoma (TCGA, PanCancer Atlas)","29625048,29596782,29622463,29617662,29625055,29625050,29617662,32214244,29625049,29850653,36334560"
blca_cornell_2016,"Urothelial Carcinoma (Cornell/Trento, Nat Gen 2016)",27749842
aml_ohsu_2018,"Acute Myeloid Leukemia (OHSU, Nature 2018)",30333627
acc_2019,Adenoid Cystic Carcinoma Project (J Clin Invest 2019),31483290
blca_bcan_hcrn_2022,"Urothelial Carcinoma (BCAN/HCRN, Nat Commun 2022)",36333289
blca_msk_tcga_2020,"Bladder Cancer (MSK/TCGA, 2020)",30290956
brain_cptac_2020,"Pediatric Brain Cancer (CPTAC/CHOP, Cell 2020)",33242424
brca_cptac_2020,"Proteogenomic landscape of breast cancer (CPTAC, Cell 2020)",33212010
aml_ohsu_2022,"Acute Myeloid Leukemia (OHSU, Cancer Cell 2022)",35868306
asclc_msk_2024,"Atypical Small Cell Lung Cancer (MSK, Cancer Discov 2024)",39185963
pcnsl_msk_2024,"Primary CNS Lymphoma (MSK, Clin Cancer Res 2024)",38995739
msk_ctdna_vte_2024,"MSK ctDNA Sequencing Cohort (MSK, Nature Medicine 2024)",39147831
brca_dfci_2020,"Metastatic Breast Cancer (DFCI, Cancer Discov 2020)",32404308
brca_sanger,"Breast Invasive Carcinoma (Sanger, Nature 2012)",22722201
brca_tcga_pub2015,"Breast Invasive Carcinoma (TCGA, Cell 2015)",26451490
brca_tcga_pub,"Breast Invasive Carcinoma (TCGA, Nature 2012)",23000897
cellline_ccle_broad,"Cancer Cell Line Encyclopedia (Novartis/Broad, Nature 2012)",22460905
ccrcc_irc_2014,"Kidney Renal Clear Cell Carcinoma (IRC, Nat Genet 2014)",24487277
ccrcc_utokyo_2013,"Renal Clear Cell Carcinoma (UTokyo, Nat Genet 2013)",23797736
coadread_genentech,"Colorectal Adenocarcinoma (Genentech, Nature 2012)",22895193
cellline_nci60,"NCI-60 Cell Lines (NCI, Cancer Res 2012)",22802077
cll_iuopa_2015,"Chronic Lymphocytic Leukemia (IUOPA, Nature 2015)",26200345
brca_metabric,"Breast Cancer (METABRIC, Nature 2012 & Nat Commun 2016)","27161491,30867590,22522925"
coadread_dfci_2016,"Colorectal Adenocarcinoma (DFCI, Cell Reports 2016)",27149842
cll_broad_2015,"Chronic Lymphocytic Leukemia (Broad, Nature 2015)",26466571
brca_tcga_pan_can_atlas_2018,"Breast Invasive Carcinoma (TCGA, PanCancer Atlas)","29625048,29596782,29622463,29617662,29625055,29625050,29617662,30643250,32214244,29625049,29850653,36334560"
cesc_tcga_pan_can_atlas_2018,"Cervical Squamous Cell Carcinoma (TCGA, PanCancer Atlas)","29625048,29596782,29622463,29617662,29625055,29625050,29617662,30643250,32214244,29625049,29850653,36334560"
chol_tcga_pan_can_atlas_2018,"Cholangiocarcinoma (TCGA, PanCancer Atlas)","29625048,29596782,29622463,29617662,29625055,29625050,29617662,32214244,29625049,29850653,36334560"
ccle_broad_2019,"Cancer Cell Line Encyclopedia (Broad, 2019)","31068700,31978347"
coad_cptac_2019,"Colon Cancer (CPTAC-2 Prospective, Cell 2019)",31031003
brca_smc_2018,Breast Cancer (SMC 2018),29713003
coadread_cass_2020,"Colorectal Cancer (CAS Shanghai, Cancer Cell 2020)",32888432
cll_broad_2022,"Chronic Lymphocytic Leukemia (Broad, Nature Genetics 2022)",35927489
coadread_tcga_pub,"Colorectal Adenocarcinoma (TCGA, Nature 2012)",22810696
desm_broad_2015,"Desmoplastic Melanoma (Broad Institute, Nat Genet 2015)",26343386
dlbc_broad_2012,"Diffuse Large B-Cell Lymphoma (Broad, PNAS 2012)",22343534
cscc_hgsc_bcm_2014,"Cutaneous Squamous Cell Carcinoma (MD Anderson, Clin Cancer Res 2014)",25303977
coadread_tcga_pan_can_atlas_2018,"Colorectal Adenocarcinoma (TCGA, PanCancer Atlas)","29625048,29596782,29622463,29617662,29625055,29625050,29617662,30643250,32214244,29625049,29850653,36334560"
dlbc_tcga_pan_can_atlas_2018,"Diffuse Large B-Cell Lymphoma (TCGA, PanCancer Atlas)","29625048,29596782,29622463,29617662,29625055,29625050,29617662,32214244,29625049,29850653,36334560"
dlbcl_dfci_2018,"Diffuse Large B cell Lymphoma (DFCI, Nat Med 2018)",29713087
difg_glass_2019,"Diffuse Glioma (GLASS Consortium, Nature 2019)",31748746
cscc_ucsf_2021,"Cutaneous Squamous Cell Carcinoma (UCSF, NPJ Genom Med 2021)",34272401
crc_hta11_htan_2021,"Pre-cancer Colorectal Polyps (HTAN Vanderbilt, Cell 2021)",34910928
cscc_ranson_2022,"Cutaneous Squamous Cell Carcinoma (UOW, Front Oncol 2022)",35982973
difg_glass,Diffuse Glioma (GLASS Consortium),"35649412,38117484"
escc_icgc,"Esophageal Squamous Cell Carcinoma (ICGC, Nature 2014)",24670651
es_dfarber_broad_2014,"Pediatric Ewing Sarcoma (DFCI, Cancer Discov 2014)",25186949
es_iocurie_2014,"Ewing Sarcoma (Institut Curie, Cancer Discov 2014)",25223734
egc_tmucih_2015,"Gastric Adenocarcinoma (TMUCIH, PNAS 2015)",25583476
esca_tcga_pan_can_atlas_2018,"Esophageal Adenocarcinoma (TCGA, PanCancer Atlas)","29625048,29596782,29622463,29617662,29625055,29625050,29617662,32214244,29625049,29850653,36334560"
egc_trap_msk_2020,"Esophageal Cancer-TRAP Project (MSK, Lancet Oncol 2020)",32437664
egc_trap_ccr_msk_2023,"Esophagogastric Cancer (MSK, Clin Cancer Res 2023)",37406106
gbc_shanghai_2014,"Gallbladder Carcinoma (Shanghai, Nat Genet 2014)",24997986
gbm_tcga_pub,"Glioblastoma (TCGA, Nature 2008)",18772890
gbm_tcga_pub2013,"Glioblastoma (TCGA, Cell 2013)",24120142
gbm_tcga_pan_can_atlas_2018,"Glioblastoma Multiforme (TCGA, PanCancer Atlas)","29625048,29596782,29622463,29617662,29625055,29625050,29617662,30643250,32214244,29625049,29850653,36334560"
gbm_mayo_pdx_sarkaria_2019,"Brain Tumor PDXs (Mayo Clinic, Clin Cancer Res 2020)",31852831
gbm_cptac_2021,"Glioblastoma (CPTAC, Cell 2021)",33577785
gist_msk_2023,"Gastrointestinal Stromal Tumors (MSK, Clin Cancer Res 2023)",37477937
kirc_tcga_pub,"Kidney Renal Clear Cell Carcinoma (TCGA, Nature 2013)",23792563
kich_tcga_pub,"Kidney Chromophobe (TCGA, Cancer Cell 2014)",25155756
hnsc_broad,"Head and Neck Squamous Cell Carcinoma (Broad, Science 2011)",21798893
hnsc_mdanderson_2013,"Oral Squamous Cell Carcinoma (MD Anderson, Cancer Discov 2013)",23619168
hcc_inserm_fr_2015,"Hepatocellular Carcinomas (INSERM, Nat Genet 2015)",25822088
hccihch_pku_2019,"Combined Hepatocellular and Intrahepatic Cholangiocarcinoma (Peking University, Cancer Cell 2019)",31130341
hcc_meric_2021,"Hepatocellular Carcinoma (MERiC/Basel, Nat Commun. 2022)",35508466
hcc_clca_2024,"Hepatocellular Carcinoma (CLCA, Nature 2024)",38355797
hcc_msk_2024,"Hepatocellular Carcinoma (MSK, Clin Cancer Res 2024)",38864854
laml_tcga_pub,"Acute Myeloid Leukemia (TCGA, NEJM 2013)",23634996
lgg_ucsf_2014,"Low-Grade Gliomas (UCSF, Science 2014)",24336570
lgggbm_tcga_pub,"Merged Cohort of LGG and GBM (TCGA, Cell 2016)",26824661
lihc_amc_prv,"Liver Hepatocellular Carcinoma (AMC, Hepatology 2014)",24798001
luad_mskcc_2015,"Lung Adenocarcinoma (MSK, Science 2015)",25765070
luad_broad,"Lung Adenocarcinoma (Broad, Cell 2012)",22980975
luad_mskcc_2020,"Lung Adenocarcinoma (MSK, J Thorac Oncol 2020)",32791233
luad_mskcc_2023_met_organotropism,"Lung Adenocarcinoma Met Organotropism (MSK, Cancer Cell 2023)",37084736
luad_oncosg_2020,"Lung Adenocarcinoma (OncoSG, Nat Genet 2020)",32015526
luad_msk_npjpo_2021,"Lung Adenocarcinoma (MSK, NPJ Precision Oncology 2021)",34290393
luad_cptac_2020,"Lung Adenocarcinoma (CPTAC, Cell 2020)",32649874
luad_tcga_pub,"Lung Adenocarcinoma (TCGA, Nature 2014)",25079552
lusc_tcga_pub,"Lung Squamous Cell Carcinoma (TCGA, Nature 2012)",22960745
mm_broad,"Multiple Myeloma (Broad, Cancer Cell 2014)",24434212
mpnst_mskcc,"Malignant Peripheral Nerve Sheath Tumor (MSK, Nat Genet 2014)",25240281
mbl_sickkids_2016,"Medulloblastoma (Sickkids, Nature 2016)",26760213
mrt_bcgsc_2016,"Rhabdoid Cancer (BCGSC, Cancer Cell 2016)",26977886
mel_tsam_liang_2017,"Acral Melanoma (TGEN, Genome Res 2017)",28373299
mel_ucla_2016,"Metastatic Melanoma (UCLA, Cell 2016)",26997480
mixed_pipseq_2017,"Pediatric Pan-cancer (Columbia U, Genome Med 2016)",28007021
mixed_allen_2018,"MSS Mixed Solid Tumors (Broad/Dana-Farber, Nat Genet 2018)",30150660
mds_mskcc_2020,"Myelodysplastic (MSK, 2020)","27276561,30333627,24030381"
mel_dfci_2019,"Metastatic Melanoma (DFCI, Nature Medicine 2019)",31792460
lung_smc_2016,"Lung Cancer (SMC, Cancer Research 2016)",27634761
mixed_msk_tcga_2021,"RAD51B Associated Mixed Cancers (MSK, NPJ Breast Cancer 2021)",34635660
mng_utoronto_2021,"Meningioma (University of Toronto, Nature 2021)",34433969
lusc_cptac_2021,"Lung Squamous Cell Carcinoma (CPTAC, Cell 2021)",34358469
mbn_sfu_2023,"Mature B-Cell Neoplasms (Simon Fraser University, Blood 2023)",36201743
mbn_msk_2024,"Diffuse Large B-Cell Lymphoma (MSK, Haematologica 2024)",38497151
nccrcc_genentech_2014,"Renal Non-Clear Cell Carcinoma (Genentech, Nat Genet 2014)",25401301
ov_tcga_pub,"Ovarian Serous Cystadenocarcinoma (TCGA, Nature 2011)",21720365
paac_jhu_2014,"Acinar Cell Carcinoma of the Pancreas (JHU, J Pathol 2014)",24293293
paad_icgc,"Pancreatic Adenocarcinoma (ICGC, Nature 2012)",23103869
paad_utsw_2015,"Pancreatic Cancer (UTSW, Nat Commun 2015)",25855536
nepc_wcm_2016,"Neuroendocrine Prostate Cancer (Multi-Institute, Nat Med 2016)",26855148
nbl_ucologne_2015,"Neuroblastoma (Broad, Nature 2015)",26466568
nsclc_tcga_broad_2016,"Pan-Lung Cancer (TCGA, Nat Genet 2016)",27158780
paad_qcmg_uq_2016,"Pancreatic Adenocarcinoma (QCMG, Nature 2016)",26909576
pact_jhu_2011,"Cystic Tumor of the Pancreas (Johns Hopkins, PNAS 2011)",22158988
nbl_broad_2013,"Neuroblastoma (Broad, Nat Genet 2013)",23334666
nhl_bcgsc_2011,"Non-Hodgkin Lymphoma (BCGSC, Nature 2011)",21796119
nhl_bcgsc_2013,"Diffuse Large B-cell Lymphoma (BCGSC, Blood 2013)",23699601
nsclc_tracerx_2017,"Non-Small Cell Lung Cancer (TRACERx, NEJM & Nature 2017)","28445112,28445469"
nsclc_mskcc_2018,"Non-Small Cell Lung Cancer (MSK, Cancer Cell 2018)",29657128
paad_cptac_2021,"Pancreatic Ductal Adenocarcinoma (CPTAC, Cell 2021)",34534465
prad_fhcrc,"Prostate Adenocarcinoma (Fred Hutchinson CRC, Nat Med 2016)",26928463
prad_broad,"Prostate Adenocarcinoma (Broad/Cornell, Nat Genet 2012)",22610119
prad_broad_2013,"Prostate Adenocarcinoma (Broad/Cornell, Cell 2013)",23622249
prad_mich,"Metastatic Prostate Adenocarcinoma (MCTP, Nature 2012)",22722839
prad_mskcc,"Prostate Adenocarcinoma (MSK, Cancer Cell 2010)",20579941
prad_mskcc_2014,"Prostate Adenocarcinoma (MSK, PNAS 2014)",25024180
prad_su2c_2015,"Metastatic Prostate Cancer (SU2C/PCF Dream Team, Cell 2015)",26000489
prad_tcga_pub,"Prostate Adenocarcinoma (TCGA, Cell 2015)",26544944
panet_arcnet_2017,"Pancreatic Neuroendocrine Tumors (Multi-Institute, Nature 2017)",28199314
pcpg_tcga_pub,"Pheochromocytoma and Paraganglioma (TCGA, Cell 2017)",28162975
prad_eururol_2017,"Prostate Adenocarcinoma (SMMU, Eur Urol 2017)",28927585
prad_p1000,"Prostate Adenocarcinoma (MSK/DFCI, Nature Genetics 2018)",29610475
prad_su2c_2019,"Metastatic Prostate Adenocarcinoma (SU2C/PCF Dream Team, PNAS 2019)",31061129
prostate_dkfz_2018,"Prostate Cancer (DKFZ, Cancer Cell 2018)",30537516
pptc_2019,"Pediatric Preclinical Testing Consortium  (CHOP, Cell Rep 2019)",31693904
prad_cdk12_mskcc_2020,"Prostate Adenocarcinoma (MSK, Eur Urol 2020)",32317181
prad_mskcc_cheny1_organoids_2014,"Prostate Adenocarcinoma Organoids (MSK, Cell 2014)",25201530
pan_origimed_2020,"China Pan-cancer (OrigiMed, Nature 2022)",35871175
prad_msk_stopsack_2021,"Race Differences in Prostate Cancer (MSK, 2021)",34667026
prad_pik3r1_msk_2021,"Prostate Adenocarcinoma (MSK, Clin Cancer Res. 2022)",35670774
pog570_bcgsc_2020,"Pan-cancer Analysis of Advanced and Metastatic Tumors (BCGSC, Nature Cancer 2020)",35121966
prad_organoids_msk_2022,"Prostate Cancer (MSK, Science 2022)",35617398
ptad_msk_2024,"Pituitary Adenoma (MSK, Acta Neuropathologica 2024)",38758238
prad_msk_mdanderson_2023,"Prostate Cancer MDA PCa PDX (MD Anderson, Clin Cancer Res 2024)",38488813
sclc_clcgp,"Small Cell Lung Cancer (CLCGP, Nat Genet 2012)",22941188
sclc_jhu,"Small Cell Lung Cancer (Johns Hopkins, Nat Genet 2012)",22941189
skcm_broad,"Skin Cutaneous Melanoma (Broad, Cell 2012)",22817889
skcm_broad_dfarber,"Melanoma (Broad/Dana Farber, Nature 2012)",22622578
stad_pfizer_uhongkong,"Stomach Adenocarcinoma (Pfizer and UHK, Nat Genet 2014)",24816253
stad_tcga_pub,"Stomach Adenocarcinoma (TCGA, Nature 2014)",25079317
stad_uhongkong,"Stomach Adenocarcinoma (UHK, Nat Genet 2011)",22037554
stad_utokyo,"Stomach Adenocarcinoma (U Tokyo, Nat Genet 2014)",24816255
tet_nci_2014,"Thymic Epithelial Tumors (NCI, Nat Genet 2014)",24974848
thca_tcga_pub,"Papillary Thyroid Carcinoma (TCGA, Cell 2014)",25417114
ucs_jhu_2014,"Uterine Carcinosarcoma (Johns Hopkins, Nat Commun 2014)",25233892
ucec_tcga_pub,"Uterine Corpus Endometrial Carcinoma (TCGA, Nature 2013)",23636398
stes_tcga_pub,"Esophageal Carcinoma (TCGA, Nature 2017)",28052061
skcm_broad_brafresist_2012,"Skin Cutaneous Melanoma(Broad, Cancer Discov 2014)",24265153
sarc_tcga_pub,"Adult Soft Tissue Sarcomas (TCGA, Cell 2017)",29100075
skcm_mskcc_2014,"Melanoma (MSK, NEJM 2014)",25409260
sclc_cancercell_gardner_2017,"Small-Cell Lung Cancer (Multi-Institute, Cancer Cell 2017)",28196596
skcm_tcga_pub_2015,"Melanomas (TCGA, Cell 2015)",26091043
vsc_cuk_2018,"Squamous Cell Carcinoma of the Vulva (CUK, Exp Mol Med 2018)",29422544
utuc_cornell_baylor_mdacc_2019,"Upper Tract Urothelial Carcinoma (Cornell/Baylor/MDACC, Nat Commun 2019)",31278255
skcm_dfci_2015,"Metastatic Melanoma (DFCI, Science 2015)",26359337
sclc_ucologne_2015,"Small Cell Lung Cancer (U Cologne, Nature 2015)",26168399
stad_oncosg_2018,"Gastric Cancer (OncoSG, 2018)",29670109
rectal_msk_2022,"Rectal Cancer (MSK, Nature Medicine 2022)",35970919
ucec_cptac_2020,"Endometrial Carcinoma (CPTAC, Cell 2020)",32059776
stmyec_wcm_2022,"Myoepithelial Carcinomas of Soft Tissue (WCM, CSH Molecular Case Studies 2022)",36577525
sarcoma_msk_2022,"Soft Tissue and Bone Sarcoma (MSK, Nat Commun 2022)",35705558
hnsc_tcga_pan_can_atlas_2018,"Head and Neck Squamous Cell Carcinoma (TCGA, PanCancer Atlas)","29625048,29596782,29622463,29617662,29625055,29625050,29617662,30643250,32214244,29625049,29850653,36334560"
kich_tcga_pan_can_atlas_2018,"Kidney Chromophobe (TCGA, PanCancer Atlas)","29625048,29596782,29622463,29617662,29625055,29625050,29617662,32214244,29625049,29850653,36334560"
kirc_tcga_pan_can_atlas_2018,"Kidney Renal Clear Cell Carcinoma (TCGA, PanCancer Atlas)","29625048,29596782,29622463,29617662,29625055,29625050,29617662,30643250,32214244,29625049,29850653,36334560"
kirp_tcga_pan_can_atlas_2018,"Kidney Renal Papillary Cell Carcinoma (TCGA, PanCancer Atlas)","29625048,29596782,29622463,29617662,29625055,29625050,29617662,30643250,32214244,29625049,29850653,36334560"
laml_tcga_pan_can_atlas_2018,"Acute Myeloid Leukemia (TCGA, PanCancer Atlas)","29625048,29596782,29622463,29617662,29625055,29625050,29617662,32214244,29625049,29850653,36334560"
lgg_tcga_pan_can_atlas_2018,"Brain Lower Grade Glioma (TCGA, PanCancer Atlas)","29625048,29596782,29622463,29617662,29625055,29625050,29617662,30643250,32214244,29625049,29850653,36334560"
lihc_tcga_pan_can_atlas_2018,"Liver Hepatocellular Carcinoma (TCGA, PanCancer Atlas)","29625048,29596782,29622463,29617662,29625055,29625050,29617662,30643250,32214244,29625049,29850653,36334560"
luad_tcga_pan_can_atlas_2018,"Lung Adenocarcinoma (TCGA, PanCancer Atlas)","29625048,29596782,29622463,29617662,29625055,29625050,29617662,30643250,32214244,29625049,29850653,36334560"
lusc_tcga_pan_can_atlas_2018,"Lung Squamous Cell Carcinoma (TCGA, PanCancer Atlas)","29625048,29596782,29622463,29617662,29625055,29625050,29617662,30643250,32214244,29625049,29850653,36334560"
meso_tcga_pan_can_atlas_2018,"Mesothelioma (TCGA, PanCancer Atlas)","29625048,29596782,29622463,29617662,29625055,29625050,29617662,32214244,29625049,29850653,36334560"
ov_tcga_pan_can_atlas_2018,"Ovarian Serous Cystadenocarcinoma (TCGA, PanCancer Atlas)","29625048,29596782,29622463,29617662,29625055,29625050,29617662,30643250,32214244,29625049,29850653,36334560"
paad_tcga_pan_can_atlas_2018,"Pancreatic Adenocarcinoma (TCGA, PanCancer Atlas)","29625048,29596782,29622463,29617662,29625055,29625050,29617662,30643250,32214244,29625049,29850653,36334560"
pcpg_tcga_pan_can_atlas_2018,"Pheochromocytoma and Paraganglioma (TCGA, PanCancer Atlas)","29625048,29596782,29622463,29617662,29625055,29625050,29617662,30643250,32214244,29625049,29850653,36334560"
prad_tcga_pan_can_atlas_2018,"Prostate Adenocarcinoma (TCGA, PanCancer Atlas)","29625048,29596782,29622463,29617662,29625055,29625050,29617662,30643250,32214244,29625049,29850653,36334560"
sarc_tcga_pan_can_atlas_2018,"Sarcoma (TCGA, PanCancer Atlas)","29625048,29596782,29622463,29617662,29625055,29625050,29617662,32214244,29625049,29850653,36334560"
nst_nfosi_ntap,"Nerve Sheath Tumors (Johns Hopkins, 2024)",32561749
skcm_tcga_pan_can_atlas_2018,"Skin Cutaneous Melanoma (TCGA, PanCancer Atlas)","29625048,29596782,29622463,29617662,29625055,29625050,29617662,30643250,32214244,29625049,29850653,36334560"
stad_tcga_pan_can_atlas_2018,"Stomach Adenocarcinoma (TCGA, PanCancer Atlas)","29625048,29596782,29622463,29617662,29625055,29625050,29617662,32214244,29625049,29850653,36334560"
tgct_tcga_pan_can_atlas_2018,"Testicular Germ Cell Tumors (TCGA, PanCancer Atlas)","29625048,29596782,29622463,29617662,29625055,29625050,29617662,32214244,29625049,29850653,36334560"
thca_tcga_pan_can_atlas_2018,"Thyroid Carcinoma (TCGA, PanCancer Atlas)","29625048,29596782,29622463,29617662,29625055,29625050,29617662,30643250,32214244,29625049,29850653,36334560"
thym_tcga_pan_can_atlas_2018,"Thymoma (TCGA, PanCancer Atlas)","29625048,29596782,29622463,29617662,29625055,29625050,29617662,32214244,29625049,29850653,36334560"
ucec_tcga_pan_can_atlas_2018,"Uterine Corpus Endometrial Carcinoma (TCGA, PanCancer Atlas)","29625048,29596782,29622463,29617662,29625055,29625050,29617662,30643250,32214244,29625049,29850653,36334560"
ucs_tcga_pan_can_atlas_2018,"Uterine Carcinosarcoma (TCGA, PanCancer Atlas)","29625048,29596782,29622463,29617662,29625055,29625050,29617662,32214244,29625049,29850653,36334560"
uvm_tcga_pan_can_atlas_2018,"Uveal Melanoma (TCGA, PanCancer Atlas)","29625048,29596782,29622463,29617662,29625055,29625050,29617662,32214244,29625049,29850653,36334560"
coad_silu_2022,"Colon Cancer (Sidra-LUMC AC-ICAM, Nat Med 2023)",37202560
acc_tcga_pan_can_atlas_2018,"Adrenocortical Carcinoma (TCGA, PanCancer Atlas)","29625048,29596782,29622463,29617662,29625055,29625050,29617662,32214244,29625049,29850653,36334560"
msk_chord_2024,"MSK-CHORD (MSK, Nature 2024)",39506116
pancan_mappyacts_2022,"Pediatric European MAPPYACTS Trial (Gustave Roussy, Cancer Discov 2022)",35292802
msk_met_2021,"MSK MetTropism (MSK, Cell 2021)",35120664
blca_msk_2024,"Bladder Urothelial Carcinoma (MSKCC, JCO Precis Oncol 2024)",39499893
brca_fuscc_2020,"Triple-Negative Breast Cancer (FUSCC, Cell Research 2020)",32719455
thyroid_gatci_2024,"Anaplastic Thyroid Cancers (GATCI, Cell Reports 2024)",38412093
brca_aurora_2023,"Metastatic Breast Cancer (AURORA US Network, Nat Cancer 2023)",36585450
blca_msk_2025,"Bladder Cancer (MSK, Eur Urol Open Sci 2025)",40256659
pdac_msk_2024,"Pancreatic Adenocarcinoma (MSK, Nat Med 2024)",39753968
braf_msk_archer_2024,"BRAF Fusions - ARCHER Clinical Sequencing Cohort (MSK, Clin Cancer Res 2024)",38922339
braf_msk_impact_2024,"BRAF Fusions - IMPACT Clinical Sequencing Cohort (MSK, Clin Cancer Res 2024)",38922339
sarcoma_ucla_2024,"Sarcoma (UCLA, Cell 2024)",39305899
csf_msk_2024,"Cerebrospinal Fluid Circulating Tumor DNA (MSK, Acta Neuropathol Commun 2024)",39289779
chl_sccc_2023,"Classical Hodgkins Lymphoma (SCCC, Blood Cancer Discov 2023)",36723991
normal_skin_melanocytes_2024,"Normal Melanocytes (UCSF, Nature 2020)","33029006,39091884,38895302,39975212"
normal_skin_fibroblast_2024,"Normal Fibroblasts (UCSF, BioRxiv 2024)",39091884
normal_skin_keratinocytes_2024,"Normal Keratinocytes (UCSF, BioRxiv 2024)",39091884
pancan_pcawg_2020,"Pan-cancer analysis of whole genomes (ICGC/TCGA, Nature 2020)",32025007
ovary_geomx_gray_foundation_2024,"Ovarian Cancer (Gray Foundation, Cancer Discov 2024)",39386723
